name,datetime,temp,feelslike,dew,humidity,precip,precipprob,preciptype,snow,snowdepth,windgust,windspeed,winddir,sealevelpressure,cloudcover,visibility,solarradiation,solarenergy,uvindex,severerisk,conditions,icon,stations
"Snoqualmie Pass, WA, United States",2024-06-05T00:00:00,5.1,2,4.4,95.09,0,0,,0,0,40.7,14.7,277,1018.5,96.8,16,0,0,0,10,Overcast,cloudy,"KSEA,KSMP,KBFI,FTAW1,KRNT"
"Snoqualmie Pass, WA, United States",2024-06-05T01:00:00,4.6,2.4,4,95.64,0,0,,0,0,29.5,8.9,182,1019.1,91.6,15.9,0,0,0,10,Overcast,cloudy,"KSEA,KSMP,KBFI,RXSW1,KRNT"
"Snoqualmie Pass, WA, United States",2024-06-05T02:00:00,4,2.3,3.5,96.77,0,0,,0,0,20.5,7,355,1019.3,90.7,15.9,0,0,0,10,Overcast,cloudy,"KSEA,KSMP,KBFI,RXSW1,KRNT"
"Snoqualmie Pass, WA, United States",2024-06-05T03:00:00,4.1,4.1,3.6,96.82,0,0,,0,0,20.5,4.6,349,1019.9,99.3,13.4,0,0,0,10,Overcast,cloudy,"KSEA,KSMP,KBFI,RXSW1,KRNT"
"Snoqualmie Pass, WA, United States",2024-06-05T04:00:00,4.1,2.8,3.6,96.62,0,0,,0,0,18.4,5.6,250,1020.7,100,3.3,0,0,0,10,Overcast,cloudy,"KSEA,KSMP,KBFI,RXSW1,KRNT"
"Snoqualmie Pass, WA, United States",2024-06-05T05:00:00,3.6,2.3,3.1,96.6,0,0,,0,0,13,5.5,75,1021,100,3.4,0,0,0,10,Overcast,cloudy,"KSEA,KSMP,KBFI,RXSW1,KRNT"
"Snoqualmie Pass, WA, United States",2024-06-05T06:00:00,3.6,2.4,3.1,96.31,0,0,,0,0,13,5.2,234,1022.4,100,3.1,5,0,0,10,Overcast,cloudy,"KSEA,KSMP,KBFI,RXSW1,KRNT"
"Snoqualmie Pass, WA, United States",2024-06-05T07:00:00,3.2,1.8,2.7,96.3,0,0,,0,0,13,5.8,193,1023.1,57.6,7.4,16,0.1,0,10,Partially cloudy,partly-cloudy-day,"KSEA,KSMP,KBFI,RXSW1,KRNT"
"Snoqualmie Pass, WA, United States",2024-06-05T08:00:00,4.3,4.3,3.6,95.06,0,0,,0,0,13,0.5,16,1023.4,10.5,15.8,37,0.1,0,10,Clear,clear-day,"KSEA,KSMP,KBFI,RXSW1,KRNT"
"Snoqualmie Pass, WA, United States",2024-06-05T09:00:00,6.2,4.7,3.5,82.81,0,0,,0,0,13,7.7,175,1023.5,86.8,15.9,72,0.3,1,10,Partially cloudy,partly-cloudy-day,"KSEA,KSMP,KBFI,RXSW1,KRNT"
"Snoqualmie Pass, WA, United States",2024-06-05T10:00:00,8.4,7.3,4.3,75.56,0,0,,0,0,13,7.3,15,1023.1,50,16,158,0.6,2,10,Partially cloudy,partly-cloudy-day,"KSEA,KSMP,KBFI,RXSW1,KRNT"
"Snoqualmie Pass, WA, United States",2024-06-05T11:00:00,9.4,8.8,3.9,68.69,0,0,,0,0,18.4,6,281,1023,8.5,16,689,2.5,7,10,Clear,clear-day,"KSEA,KSMP,KBFI,RXSW1,KRNT"
"Snoqualmie Pass, WA, United States",2024-06-05T12:00:00,11.6,11.6,4,59.63,0,0,,0,0,18.4,7.8,318,1023.1,5.1,16,800,2.9,8,10,Clear,clear-day,"KSEA,KSMP,KBFI,RXSW1,KRNT"
"Snoqualmie Pass, WA, United States",2024-06-05T13:00:00,12.1,12.1,3.5,55.74,0,0,,0,0,18.4,9.4,265,1023.3,3.8,16,833,3,8,10,Clear,clear-day,"KSEA,KSMP,KBFI,RXSW1,KRNT"
"Snoqualmie Pass, WA, United States",2024-06-05T14:00:00,13.6,13.6,4.2,53.12,0,0,,0,0,22.3,10.2,303,1022.9,1.3,16,864,3.1,9,10,Clear,clear-day,"KSEA,KSMP,KBFI,RXSW1,KRNT"
"Snoqualmie Pass, WA, United States",2024-06-05T15:00:00,14.2,14.2,3.8,49.63,0,0,,0,0,22.3,9.4,280,1022.9,1.3,16,844,3,8,10,Clear,clear-day,"KSEA,KSMP,KBFI,RXSW1,KRNT"
"Snoqualmie Pass, WA, United States",2024-06-05T16:00:00,14.2,14.2,3.7,49.04,0,0,,0,0,18.4,10.2,307,1022.7,1.3,16,783,2.8,8,10,Clear,clear-day,"KSEA,KSMP,KBFI,FTAW1,KRNT"
"Snoqualmie Pass, WA, United States",2024-06-05T17:00:00,14.7,14.7,4.2,49.2,0,0,,0,0,14.8,2.3,353,1022.8,1.3,16,601,2.2,6,10,Clear,clear-day,"KSEA,KSMP,E7771,KBFI,KRNT"
"Snoqualmie Pass, WA, United States",2024-06-05T18:00:00,13.4,13.4,3.9,52.58,0,0,,0,0,14.8,9.4,290,1019,17,14.5,452,1.6,5,10,Clear,clear-day,
"Snoqualmie Pass, WA, United States",2024-06-05T19:00:00,12.8,12.8,5,59.05,0,0,,0,0,14.8,9.4,290,1019,17,16.3,285,1,3,10,Clear,clear-day,
"Snoqualmie Pass, WA, United States",2024-06-05T20:00:00,10.6,10.6,4.5,65.95,0,0,,0,0,9.4,5.4,300,1018,22,12.7,134,0.5,1,10,Partially cloudy,partly-cloudy-day,
"Snoqualmie Pass, WA, United States",2024-06-05T21:00:00,8.9,8.3,5,76.53,0,0,,0,0,9.4,5.4,300,1018,22,16.3,45,0.2,0,10,Partially cloudy,partly-cloudy-night,
"Snoqualmie Pass, WA, United States",2024-06-05T22:00:00,8.4,7.8,5,79.17,0,0,,0,0,9.4,5.4,300,1018,22,16.3,36,0.1,0,10,Partially cloudy,partly-cloudy-night,
"Snoqualmie Pass, WA, United States",2024-06-05T23:00:00,7.3,7.3,5,85.32,0,0,,0,0,7.6,1.8,320,1018,28,16.3,30,0.1,0,10,Partially cloudy,partly-cloudy-night,
"Snoqualmie Pass, WA, United States",2024-06-06T00:00:00,6.7,6.7,3.9,82.32,0,0,,0,0,7.6,1.8,320,1017,28,16.3,0,0,0,10,Partially cloudy,partly-cloudy-night,
"Snoqualmie Pass, WA, United States",2024-06-06T01:00:00,6.2,6.2,2.8,78.84,0,0,,0,0,7.6,1.8,320,1017,28,16.2,0,0,0,10,Partially cloudy,partly-cloudy-night,
"Snoqualmie Pass, WA, United States",2024-06-06T02:00:00,6.2,6.2,1.7,72.9,0,0,,0,0,7.6,1.8,340,1017,27,16.2,0,0,0,10,Partially cloudy,partly-cloudy-night,
"Snoqualmie Pass, WA, United States",2024-06-06T03:00:00,6.7,6.7,1.2,67.95,0,0,,0,0,7.6,1.8,340,1017,27,16.2,0,0,0,10,Partially cloudy,partly-cloudy-night,
"Snoqualmie Pass, WA, United States",2024-06-06T04:00:00,6.2,6.2,0.6,67.36,0,0,,0,0,7.6,1.8,340,1017,27,0.8,0,0,0,10,Partially cloudy,fog,
"Snoqualmie Pass, WA, United States",2024-06-06T05:00:00,5.6,5.6,-0.5,64.83,0,1,,0,0,5.4,1.8,310,1017,31,0.5,0,0,0,10,Partially cloudy,fog,
"Snoqualmie Pass, WA, United States",2024-06-06T06:00:00,6.7,6.7,0,62.31,0,1,,0,0,5.4,1.8,310,1017,31,0.2,62,0.2,1,10,Partially cloudy,fog,
"Snoqualmie Pass, WA, United States",2024-06-06T07:00:00,7.8,7.8,1.2,63.02,0,1,,0,0,5.4,1.8,310,1017,31,0.5,192,0.7,2,10,Partially cloudy,fog,
"Snoqualmie Pass, WA, United States",2024-06-06T08:00:00,8.9,8.3,0.6,56.02,0,1,,0,0,9.4,5.4,290,1017,30,0.5,346,1.2,3,10,Partially cloudy,fog,
"Snoqualmie Pass, WA, United States",2024-06-06T09:00:00,12.3,12.3,2.8,52.28,0,1,,0,0,9.4,5.4,290,1018,30,0.4,496,1.8,5,10,Partially cloudy,fog,
"Snoqualmie Pass, WA, United States",2024-06-06T10:00:00,14.5,14.5,2.8,45.3,0,1,,0,0,9.4,5.4,290,1018,30,0.8,629,2.3,6,10,Partially cloudy,fog,
"Snoqualmie Pass, WA, United States",2024-06-06T11:00:00,16.7,16.7,3.4,41.05,0,2,,0,0,16.6,9.4,280,1018,30,1.8,734,2.6,7,10,Partially cloudy,partly-cloudy-day,
"Snoqualmie Pass, WA, United States",2024-06-06T12:00:00,17.8,17.8,3.9,39.66,0,2,,0,0,16.6,9.4,280,1018,30,11.1,917,3.3,9,10,Partially cloudy,partly-cloudy-day,
"Snoqualmie Pass, WA, United States",2024-06-06T13:00:00,19.5,19.5,5,38.51,0,2,,0,0,16.6,9.4,280,1017,30,12.8,939,3.4,9,10,Partially cloudy,partly-cloudy-day,
"Snoqualmie Pass, WA, United States",2024-06-06T14:00:00,20,20,5.6,38.93,0,2,,0,0,20.5,13,290,1017,23,12.8,895,3.2,9,10,Partially cloudy,partly-cloudy-day,
"Snoqualmie Pass, WA, United States",2024-06-06T15:00:00,20,20,6.2,40.57,0,2,,0,0,20.5,13,290,1017,23,16.3,860,3.1,9,10,Partially cloudy,partly-cloudy-day,
"Snoqualmie Pass, WA, United States",2024-06-06T16:00:00,20,20,6.7,42,0,2,,0,0,20.5,13,290,1017,23,14.5,688,2.5,7,10,Partially cloudy,partly-cloudy-day,
"Snoqualmie Pass, WA, United States",2024-06-06T17:00:00,18.9,18.9,7.8,48.48,0,0,,0,0,18.4,11.2,300,1016,21,16.3,641,2.3,6,10,Partially cloudy,partly-cloudy-day,
"Snoqualmie Pass, WA, United States",2024-06-06T18:00:00,18.4,18.4,8.4,52.11,0,0,,0,0,18.4,11.2,300,1016,21,12.8,441,1.6,4,10,Partially cloudy,partly-cloudy-day,
"Snoqualmie Pass, WA, United States",2024-06-06T19:00:00,17.3,17.3,8.9,57.76,0,0,,0,0,18.4,11.2,300,1016,21,1.8,285,1,3,10,Partially cloudy,partly-cloudy-day,
"Snoqualmie Pass, WA, United States",2024-06-06T20:00:00,15,15,8.9,66.89,0,0,,0,0,11.2,5.4,300,1016,14,0.8,154,0.6,2,10,Clear,fog,
"Snoqualmie Pass, WA, United States",2024-06-06T21:00:00,12.8,12.8,8.4,74.59,0,0,,0,0,11.2,5.4,300,1016,14,6,117,0.4,0,10,Clear,clear-night,
"Snoqualmie Pass, WA, United States",2024-06-06T22:00:00,11.2,11.2,7.8,79.58,0,0,,0,0,11.2,5.4,300,1016,14,11.1,81,0.3,0,10,Clear,clear-night,
"Snoqualmie Pass, WA, United States",2024-06-06T23:00:00,10.6,10.6,8.4,86.26,0,0,,0,0,7.6,1.8,320,1016,26,16.3,44,0.2,0,10,Partially cloudy,partly-cloudy-night,
"Snoqualmie Pass, WA, United States",2024-06-07T00:00:00,10,10,7.8,86.2,0,0,,0,0,7.6,1.8,320,1016,26,16.3,29,0.1,0,10,Partially cloudy,partly-cloudy-night,
"Snoqualmie Pass, WA, United States",2024-06-07T01:00:00,9.5,9.5,6.7,82.68,0,0,,0,0,7.6,1.8,320,1016,26,16.3,15,0.1,0,10,Partially cloudy,partly-cloudy-night,
"Snoqualmie Pass, WA, United States",2024-06-07T02:00:00,8.9,8.9,5,76.53,0,0,,0,0,7.6,3.6,330,1015,37,16.3,0,0,0,10,Partially cloudy,partly-cloudy-night,
"Snoqualmie Pass, WA, United States",2024-06-07T03:00:00,8.4,8.4,3.9,73.3,0,0,,0,0,7.6,3.6,330,1015,37,11.9,0,0,0,10,Partially cloudy,partly-cloudy-night,
"Snoqualmie Pass, WA, United States",2024-06-07T04:00:00,8.4,8.4,3.4,70.77,0,0,,0,0,9.4,2.9,340,1015,31,7.4,0,0,0,10,Partially cloudy,partly-cloudy-night,
"Snoqualmie Pass, WA, United States",2024-06-07T05:00:00,8.4,8.4,2.8,67.83,0,0,,0,0.1,11.2,1.8,350,1017,25,3,0,0,0,10,Partially cloudy,partly-cloudy-night,
"Snoqualmie Pass, WA, United States",2024-06-07T06:00:00,9.5,9.5,3.5,66.17,0,0,,0,0.1,11.2,1.8,243.3,1017,23.3,3,94,0.3,1,10,Partially cloudy,partly-cloudy-day,
"Snoqualmie Pass, WA, United States",2024-06-07T07:00:00,10.6,10.6,4.3,65.03,0,0,,0,0.1,11.2,1.8,136.7,1017,21.7,3.1,188,0.7,2,10,Partially cloudy,partly-cloudy-day,
"Snoqualmie Pass, WA, United States",2024-06-07T08:00:00,11.7,11.7,5,63.48,0,0,,0,0.1,11.2,1.8,30,1016,20,3.1,282,1,3,10,Clear,clear-day,
"Snoqualmie Pass, WA, United States",2024-06-07T09:00:00,14.5,14.5,5.8,55.89,0,0,,0,0.1,11.9,2.5,116.7,1015,15.3,3.9,392,1.4,4,10,Clear,clear-day,
"Snoqualmie Pass, WA, United States",2024-06-07T10:00:00,17.2,17.2,6.5,49.36,0,0,,0,0.1,12.2,2.9,203.3,1015,10.7,4.7,501,1.8,5,10,Clear,clear-day,
"Snoqualmie Pass, WA, United States",2024-06-07T11:00:00,20,20,7.3,43.76,0,0,,0,0.1,13,3.6,290,1014,6,5.5,611,2.2,6,10,Clear,clear-day,
"Snoqualmie Pass, WA, United States",2024-06-07T12:00:00,21.1,21.1,7.8,42.31,0,0,,0,0,14,3.6,290,1014,12.3,6.8,683,2.5,7,10,Clear,clear-day,
"Snoqualmie Pass, WA, United States",2024-06-07T13:00:00,22.3,22.3,8.4,40.95,0,0,,0,0,15.5,3.6,290,1013,18.7,8.2,755,2.7,8,10,Clear,clear-day,
"Snoqualmie Pass, WA, United States",2024-06-07T14:00:00,23.4,23.4,8.9,39.63,0,0,,0,0,16.6,3.6,290,1013,25,9.5,827,3,8,10,Partially cloudy,partly-cloudy-day,
"Snoqualmie Pass, WA, United States",2024-06-07T15:00:00,23.6,23.6,9.7,41.32,0,0,,0,0,17.3,3.6,293.3,1012,19.3,9.5,792,2.9,8,10,Clear,clear-day,
"Snoqualmie Pass, WA, United States",2024-06-07T16:00:00,23.7,23.7,10.4,43.04,0,0,,0,0,17.6,3.6,296.7,1012,13.7,9.5,757,2.7,8,10,Clear,clear-day,
"Snoqualmie Pass, WA, United States",2024-06-07T17:00:00,23.9,23.9,11.2,44.85,0,0,,0,0,18.4,3.6,300,1011,8,9.5,722,2.6,7,10,Clear,clear-day,
"Snoqualmie Pass, WA, United States",2024-06-07T18:00:00,22.6,22.6,11.4,49.16,0,0,,0,0,17.3,3.6,303.3,1012,6.3,8.6,597,2.1,6,10,Clear,clear-day,
"Snoqualmie Pass, WA, United States",2024-06-07T19:00:00,21.3,21.3,11.5,53.57,0,0,,0,0,15.8,3.6,306.7,1012,4.7,7.7,471,1.7,5,10,Clear,clear-day,
"Snoqualmie Pass, WA, United States",2024-06-07T20:00:00,20,20,11.7,58.81,0,0,,0,0,14.8,3.6,310,1013,3,6.8,346,1.2,3,10,Clear,clear-day,
"Snoqualmie Pass, WA, United States",2024-06-07T21:00:00,18.2,18.2,11,62.82,0,0,,0,0,14.8,3.6,230,1013,4.7,10,290,1,3,10,Clear,clear-day,
"Snoqualmie Pass, WA, United States",2024-06-07T22:00:00,16.3,16.3,10.2,67.16,0,0,,0,0,14.8,3.6,150,1013,6.3,13.1,234,0.8,0,10,Clear,clear-night,
"Snoqualmie Pass, WA, United States",2024-06-07T23:00:00,14.5,14.5,9.5,71.93,0,0,,0,0,14.8,3.6,70,1014,8,16.3,178,0.6,0,10,Clear,clear-night,
"Snoqualmie Pass, WA, United States",2024-06-08T00:00:00,13.9,13.9,8.9,71.82,0,0,,0,0,14.8,2.9,76.7,1014,11.3,16.3,119,0.4,0,10,Clear,clear-night,
"Snoqualmie Pass, WA, United States",2024-06-08T01:00:00,13.4,13.4,8.4,71.73,0,0,,0,0,14.8,2.5,83.3,1015,14.7,16.3,59,0.2,0,10,Clear,clear-night,
"Snoqualmie Pass, WA, United States",2024-06-08T02:00:00,12.8,12.8,7.8,71.61,0,0,,0,0,14.8,1.8,90,1014,18,16.3,0,0,0,10,Clear,clear-night,
"Snoqualmie Pass, WA, United States",2024-06-08T03:00:00,12.4,12.4,7.3,71.05,0,1,,0,0,14.8,1.8,93.3,1014,19.7,11.9,0,0,0,10,Clear,clear-night,
"Snoqualmie Pass, WA, United States",2024-06-08T04:00:00,12.1,12.1,6.7,69.55,0,1,,0,0,14.8,1.8,96.7,1014,21.3,7.4,0,0,0,10,Partially cloudy,partly-cloudy-night,
"Snoqualmie Pass, WA, United States",2024-06-08T05:00:00,11.7,11.7,6.2,68.99,0,1,,0,0,14.8,1.8,100,1015,23,3,0,0,0,10,Partially cloudy,partly-cloudy-night,
"Snoqualmie Pass, WA, United States",2024-06-08T06:00:00,12.8,12.8,6.7,66.42,0,1,,0,0,14.8,2.5,126.7,1015,26.7,3,53,0.2,1,10,Partially cloudy,partly-cloudy-day,
"Snoqualmie Pass, WA, United States",2024-06-08T07:00:00,13.9,13.9,7.3,64.42,0,1,,0,0,14.8,2.9,153.3,1015,30.3,3,106,0.4,1,10,Partially cloudy,partly-cloudy-day,
"Snoqualmie Pass, WA, United States",2024-06-08T08:00:00,15,15,7.8,62.08,0,1,,0,0,14.8,3.6,180,1014,34,3,159,0.6,2,10,Partially cloudy,partly-cloudy-day,
"Snoqualmie Pass, WA, United States",2024-06-08T09:00:00,17.1,17.1,8.4,56.55,0,5,,0,0,15.8,4.3,210,1014,35.7,3.8,234,0.8,2,10,Partially cloudy,partly-cloudy-day,
"Snoqualmie Pass, WA, United States",2024-06-08T10:00:00,19.1,19.1,8.9,51.59,0,5,,0,0,17.3,4.7,240,1014,37.3,4.7,310,1.1,3,10,Partially cloudy,partly-cloudy-day,
"Snoqualmie Pass, WA, United States",2024-06-08T11:00:00,21.2,21.2,9.5,47.17,0,5,,0,0,18.4,5.4,270,1015,39,5.5,385,1.4,4,10,Partially cloudy,partly-cloudy-day,
"Snoqualmie Pass, WA, United States",2024-06-08T12:00:00,21.7,21.7,9.7,46.37,0,5,,0,0,20.2,6.8,273.3,1014,41.7,24.1,506,1.8,5,10,Partially cloudy,partly-cloudy-day,
"Snoqualmie Pass, WA, United States",2024-06-08T13:00:00,22.3,22.3,9.8,45,0,5,,0,0,22.3,7.9,276.7,1014,44.3,24.1,628,2.3,6,10,Partially cloudy,partly-cloudy-day,
"Snoqualmie Pass, WA, United States",2024-06-08T14:00:00,22.8,22.8,10,44.25,0,5,,0,0,24.1,9.4,280,1014,47,24.1,749,2.7,7,10,Partially cloudy,partly-cloudy-day,
"Snoqualmie Pass, WA, United States",2024-06-08T15:00:00,22.3,22.3,10.4,46.85,0,23,,0,0,24.8,9.4,283.3,1013,49,24.1,735,2.6,7,10,Partially cloudy,partly-cloudy-day,
"Snoqualmie Pass, WA, United States",2024-06-08T16:00:00,21.7,21.7,10.8,49.9,0,23,,0,0,25.2,9.4,286.7,1013,51,24.1,720,2.6,7,10,Partially cloudy,partly-cloudy-day,
"Snoqualmie Pass, WA, United States",2024-06-08T17:00:00,21.2,21.2,11.2,52.84,0,23,,0,0,25.9,9.4,290,1013,53,24.1,706,2.5,7,10,Partially cloudy,partly-cloudy-day,
"Snoqualmie Pass, WA, United States",2024-06-08T18:00:00,19.4,19.4,11.3,59.45,0,17,,0,0,24.1,6.1,290,1013,54.3,24.1,554,2,6,10,Partially cloudy,partly-cloudy-day,
"Snoqualmie Pass, WA, United States",2024-06-08T19:00:00,17.8,17.8,11.1,64.85,0,17,,0,0,23.4,5.4,290,1013,57.7,24.1,401,1.4,4,10,Partially cloudy,partly-cloudy-day,
"Snoqualmie Pass, WA, United States",2024-06-08T20:00:00,16.3,16.3,11,70.84,0,17,,0,0,22.3,4.3,290,1014,61,24.1,249,0.9,2,10,Partially cloudy,partly-cloudy-day,
"Snoqualmie Pass, WA, United States",2024-06-08T21:00:00,15.2,15.2,10.5,73.52,0,17,,0,0,20.5,3.2,290,1014,59.3,24.1,209,0.8,2,10,Partially cloudy,partly-cloudy-day,
"Snoqualmie Pass, WA, United States",2024-06-08T22:00:00,14.1,14.1,10.1,76.85,0,17,,0,0,18.7,2.5,290,1015,57.7,24.1,169,0.6,0,10,Partially cloudy,partly-cloudy-night,
"Snoqualmie Pass, WA, United States",2024-06-08T23:00:00,13,13,9.6,79.83,0,17,,0,0,16.9,1.4,290,1015,56,24.1,129,0.5,0,10,Partially cloudy,partly-cloudy-night,
"Snoqualmie Pass, WA, United States",2024-06-09T00:00:00,12.6,12.6,9.1,79.24,0,26,,0,0,16.9,1.4,290,1014,57.3,24.1,86,0.3,0,10,Partially cloudy,partly-cloudy-night,
"Snoqualmie Pass, WA, United States",2024-06-09T01:00:00,12.1,12.1,8.6,79.17,0,26,,0,0,16.6,1.4,290,1014,58.7,24.1,43,0.2,0,10,Partially cloudy,partly-cloudy-night,
"Snoqualmie Pass, WA, United States",2024-06-09T02:00:00,11.7,11.7,8.1,78.57,0.3,26,rain,0,0,16.6,1.4,290,1014,60,24.1,0,0,0,10,Partially cloudy,partly-cloudy-night,
"Snoqualmie Pass, WA, United States",2024-06-09T03:00:00,11.4,11.4,7.9,79.06,0,26,,0,0,16.6,1.4,293.3,1014,61.3,24.1,0,0,0,10,Partially cloudy,partly-cloudy-night,
"Snoqualmie Pass, WA, United States",2024-06-09T04:00:00,11,11,7.8,80.64,0,26,,0,0,16.2,1.4,296.7,1015,62.7,24.1,0,0,0,10,Partially cloudy,partly-cloudy-night,
"Snoqualmie Pass, WA, United States",2024-06-09T05:00:00,10.7,10.7,7.6,81.15,0.3,26,rain,0,0,16.2,1.4,300,1015,64,24.1,0,0,0,10,Partially cloudy,partly-cloudy-night,
"Snoqualmie Pass, WA, United States",2024-06-09T06:00:00,11,11,8,81.74,0,30,,0,0,16.9,1.8,296.7,1015,62.3,24.1,17,0.1,0,10,Partially cloudy,partly-cloudy-day,
"Snoqualmie Pass, WA, United States",2024-06-09T07:00:00,11.4,11.4,8.4,81.8,0,30,,0,0,18,2.5,293.3,1015,60.7,24.1,33,0.1,0,10,Partially cloudy,partly-cloudy-day,
"Snoqualmie Pass, WA, United States",2024-06-09T08:00:00,11.7,11.7,8.8,82.39,0.3,30,rain,0,0,18.7,2.9,290,1014,59,24.1,50,0.2,1,10,Partially cloudy,partly-cloudy-day,
"Snoqualmie Pass, WA, United States",2024-06-09T09:00:00,13,13,8.9,76.16,0,30,,0,0,19.8,4,290,1014,55.7,24.1,104,0.4,1,10,Partially cloudy,partly-cloudy-day,
"Snoqualmie Pass, WA, United States",2024-06-09T10:00:00,14.2,14.2,9.1,71.39,0,30,,0,0,21.2,5,290,1014,52.3,24.1,158,0.6,2,10,Partially cloudy,partly-cloudy-day,
"Snoqualmie Pass, WA, United States",2024-06-09T11:00:00,15.5,15.5,9.2,66.1,0.4,30,rain,0,0,22.3,6.1,290,1014,49,24.1,212,0.8,2,10,Partially cloudy,partly-cloudy-day,
"Snoqualmie Pass, WA, United States",2024-06-09T12:00:00,16.1,16.1,9.5,64.91,0,28,,0,0,23,6.8,290,1014,44.7,24.1,449,1.6,4,10,Partially cloudy,partly-cloudy-day,
"Snoqualmie Pass, WA, United States",2024-06-09T13:00:00,16.8,16.8,9.9,63.77,0,28,,0,0,24.1,7.6,290,1014,40.3,24.1,686,2.5,7,10,Partially cloudy,partly-cloudy-day,
"Snoqualmie Pass, WA, United States",2024-06-09T14:00:00,17.4,17.4,10.2,62.64,0,28,,0,0,24.8,8.3,290,1014,36,24.1,923,3.3,9,10,Partially cloudy,partly-cloudy-day,
"Snoqualmie Pass, WA, United States",2024-06-09T15:00:00,17.3,17.3,10.1,62.61,0,28,,0,0,25.6,8.6,290,1014,32.3,24.1,898,3.2,9,3,Partially cloudy,partly-cloudy-day,
"Snoqualmie Pass, WA, United States",2024-06-09T16:00:00,17.1,17.1,9.9,62.57,0,28,,0,0,25.9,8.6,290,1014,28.7,24.1,874,3.1,9,3,Partially cloudy,partly-cloudy-day,
"Snoqualmie Pass, WA, United States",2024-06-09T17:00:00,17,17,9.8,62.55,0,28,,0,0,26.6,9,290,1014,25,24.1,849,3.1,8,10,Partially cloudy,partly-cloudy-day,
"Snoqualmie Pass, WA, United States",2024-06-09T18:00:00,15.9,15.9,9.5,65.74,0,20,,0,0,25.9,7.6,290,1014,23.3,24.1,649,2.3,6,10,Partially cloudy,partly-cloudy-day,
"Snoqualmie Pass, WA, United States",2024-06-09T19:00:00,14.8,14.8,9.3,69.61,0,20,,0,0,25.2,5.8,290,1015,21.7,24.1,449,1.6,4,10,Partially cloudy,partly-cloudy-day,
"Snoqualmie Pass, WA, United States",2024-06-09T20:00:00,13.7,13.7,9,73.25,0,20,,0,0,24.5,4.3,290,1015,20,24.1,249,0.9,2,10,Clear,clear-day,
"Snoqualmie Pass, WA, United States",2024-06-09T21:00:00,12.5,12.5,8.5,76.59,0,20,,0,0,22,3.2,290,1016,18.3,24.1,209,0.8,2,10,Clear,clear-day,
"Snoqualmie Pass, WA, United States",2024-06-09T22:00:00,11.3,11.3,8.1,80.68,0,20,,0,0,19.4,2.5,290,1018,16.7,24.1,169,0.6,0,10,Clear,clear-night,
"Snoqualmie Pass, WA, United States",2024-06-09T23:00:00,10.1,10.1,7.6,84.46,0,20,,0,0,16.9,1.4,290,1018,15,24.1,129,0.5,0,10,Clear,clear-night,
"Snoqualmie Pass, WA, United States",2024-06-10T00:00:00,9.6,9.6,7.3,85.57,0,10,,0,0,16.2,1.4,293.3,1019,19.7,24.1,86,0.3,0,10,Clear,clear-night,
"Snoqualmie Pass, WA, United States",2024-06-10T01:00:00,9.2,9.2,6.9,85.53,0,10,,0,0,15.5,1.4,296.7,1019,24.3,24.1,43,0.2,0,10,Partially cloudy,partly-cloudy-night,
"Snoqualmie Pass, WA, United States",2024-06-10T02:00:00,8.7,8.7,6.6,86.66,0,10,,0,0,14.8,1.4,300,1019,29,24.1,0,0,0,10,Partially cloudy,partly-cloudy-night,
"Snoqualmie Pass, WA, United States",2024-06-10T03:00:00,8.4,8.4,6.3,86.63,0,10,,0,0,14.8,1.4,300,1020,27.7,24.1,0,0,0,10,Partially cloudy,partly-cloudy-night,
"Snoqualmie Pass, WA, United States",2024-06-10T04:00:00,8.1,8.1,6.1,87.2,0,10,,0,0,14.8,1.4,300,1020,26.3,24.1,0,0,0,10,Partially cloudy,partly-cloudy-night,
"Snoqualmie Pass, WA, United States",2024-06-10T05:00:00,7.8,7.8,5.8,87.17,0,10,,0,0,14.8,1.4,300,1020,25,24.1,0,0,0,10,Partially cloudy,partly-cloudy-night,
"Snoqualmie Pass, WA, United States",2024-06-10T06:00:00,8.8,8.8,6.1,83.16,0,4,,0,0,15.5,1.8,296.7,1020,22.3,24.1,56,0.2,1,10,Partially cloudy,partly-cloudy-day,
"Snoqualmie Pass, WA, United States",2024-06-10T07:00:00,9.8,9.8,6.3,78.83,0,4,,0,0,16.6,2.5,293.3,1020,19.7,24.1,111,0.4,1,10,Clear,clear-day,
"Snoqualmie Pass, WA, United States",2024-06-10T08:00:00,10.8,10.8,6.6,75.27,0,4,,0,0,17.3,2.9,290,1020,17,24.1,167,0.6,2,10,Clear,clear-day,
"Snoqualmie Pass, WA, United States",2024-06-10T09:00:00,12.5,12.5,6.7,67.74,0,4,,0,0,18.7,4,290,1019,16.7,24.1,251,0.9,3,10,Clear,clear-day,
"Snoqualmie Pass, WA, United States",2024-06-10T10:00:00,14.1,14.1,6.8,61.45,0,4,,0,0,20.5,5.4,290,1019,16.3,24.1,335,1.2,3,10,Clear,clear-day,
"Snoqualmie Pass, WA, United States",2024-06-10T11:00:00,15.8,15.8,6.9,55.46,0,4,,0,0,22,6.5,290,1018,16,24.1,419,1.5,4,10,Clear,clear-day,
"Snoqualmie Pass, WA, United States",2024-06-10T12:00:00,16.5,16.5,7,53.4,0,3,,0,0,23.8,7.9,290,1018,15.3,24.1,600,2.2,6,10,Clear,clear-day,
"Snoqualmie Pass, WA, United States",2024-06-10T13:00:00,17.2,17.2,7.1,51.43,0,3,,0,0,25.9,9,290,1018,14.7,24.1,781,2.8,8,10,Clear,clear-day,
"Snoqualmie Pass, WA, United States",2024-06-10T14:00:00,17.9,17.9,7.2,49.55,0,3,,0,0,27.7,10.4,290,1018,14,24.1,962,3.5,10,10,Clear,clear-day,
"Snoqualmie Pass, WA, United States",2024-06-10T15:00:00,17.7,17.7,7,49.49,0,3,,0,0,28.4,10.4,290,1018,12.3,24.1,940,3.4,9,10,Clear,clear-day,
"Snoqualmie Pass, WA, United States",2024-06-10T16:00:00,17.5,17.5,6.7,49.1,0,3,,0,0,28.8,10.1,290,1017,10.7,24.1,919,3.3,9,10,Clear,clear-day,
"Snoqualmie Pass, WA, United States",2024-06-10T17:00:00,17.3,17.3,6.5,49.05,1.1,3,rain,0,0,29.5,10.1,290,1017,9,24.1,897,3.2,9,10,Clear,clear-day,
"Snoqualmie Pass, WA, United States",2024-06-10T18:00:00,16,16,6.4,52.9,0,4,,0,0,28.1,8.6,290,1017,8.3,24.1,721,2.6,7,10,Clear,clear-day,
"Snoqualmie Pass, WA, United States",2024-06-10T19:00:00,14.8,14.8,6.4,57.14,0,4,,0,0,26.6,7.2,290,1018,7.7,24.1,546,2,5,10,Clear,clear-day,
"Snoqualmie Pass, WA, United States",2024-06-10T20:00:00,13.5,13.5,6.3,61.73,0,4,,0,0,25.2,5.8,290,1018,7,24.1,370,1.3,4,10,Clear,clear-day,
"Snoqualmie Pass, WA, United States",2024-06-10T21:00:00,12.2,12.2,6,65.84,0,4,,0,0,22.3,4.3,290,1018,7.3,24.1,311,1.1,3,10,Clear,clear-day,
"Snoqualmie Pass, WA, United States",2024-06-10T22:00:00,11,11,5.8,70.29,0,4,,0,0,19.1,2.9,290,1019,7.7,24.1,251,0.9,0,10,Clear,clear-night,
"Snoqualmie Pass, WA, United States",2024-06-10T23:00:00,9.7,9.7,5.5,75.09,0.8,4,rain,0,0,16.2,1.4,290,1019,8,24.1,192,0.7,0,10,Clear,clear-night,
"Snoqualmie Pass, WA, United States",2024-06-11T00:00:00,9.4,9.4,5.1,74.52,0,6,,0,0,15.8,1.4,293.3,1019,9.3,24.1,128,0.5,0,10,Clear,clear-night,
"Snoqualmie Pass, WA, United States",2024-06-11T01:00:00,9,9,4.7,74.44,0,6,,0,0,15.5,1.4,296.7,1020,10.7,24.1,64,0.2,0,10,Clear,clear-night,
"Snoqualmie Pass, WA, United States",2024-06-11T02:00:00,8.7,8.7,4.3,73.87,0,6,,0,0,15.1,1.4,300,1020,12,24.1,0,0,0,10,Clear,clear-night,
"Snoqualmie Pass, WA, United States",2024-06-11T03:00:00,8.5,8.5,4.1,73.84,0,6,,0,0,15.1,1.4,300,1020,13.7,24.1,0,0,0,10,Clear,clear-night,
"Snoqualmie Pass, WA, United States",2024-06-11T04:00:00,8.2,8.2,4,74.83,0,6,,0,0,15.1,1.4,300,1020,15.3,24.1,0,0,0,10,Clear,clear-night,
"Snoqualmie Pass, WA, United States",2024-06-11T05:00:00,8,8,3.8,74.79,0.1,6,rain,0,0,15.1,1.4,300,1020,17,24.1,0,0,0,10,Clear,clear-night,
"Snoqualmie Pass, WA, United States",2024-06-11T06:00:00,9,9,4.2,71.89,0,8,,0,0,15.8,1.8,293.3,1019,16,24.1,52,0.2,1,10,Clear,clear-day,
"Snoqualmie Pass, WA, United States",2024-06-11T07:00:00,9.9,9.9,4.5,69.1,0,8,,0,0,16.6,2.5,286.7,1019,15,24.1,104,0.4,1,10,Clear,clear-day,
"Snoqualmie Pass, WA, United States",2024-06-11T08:00:00,10.9,10.9,4.9,66.47,0,8,,0,0,17.3,2.9,280,1018,14,24.1,156,0.6,2,10,Clear,clear-day,
"Snoqualmie Pass, WA, United States",2024-06-11T09:00:00,12.4,12.4,5.3,61.9,0,8,,0,0,19.4,4,280,1018,17.3,24.1,235,0.8,2,10,Clear,clear-day,
"Snoqualmie Pass, WA, United States",2024-06-11T10:00:00,13.9,13.9,5.8,58.11,0,8,,0,0,21.2,5.4,280,1018,20.7,24.1,315,1.1,3,10,Partially cloudy,partly-cloudy-day,
"Snoqualmie Pass, WA, United States",2024-06-11T11:00:00,15.4,15.4,6.2,54.22,0,8,,0,0,23.4,6.5,280,1018,24,24.1,394,1.4,4,10,Partially cloudy,partly-cloudy-day,
"Snoqualmie Pass, WA, United States",2024-06-11T12:00:00,16.1,16.1,6.7,53.66,0,9,,0,0,24.5,7.9,283.3,1018,21.7,24.1,557,2,6,10,Partially cloudy,partly-cloudy-day,
"Snoqualmie Pass, WA, United States",2024-06-11T13:00:00,16.8,16.8,7.2,53.12,0,9,,0,0,25.9,9,286.7,1017,19.3,24.1,719,2.6,7,10,Clear,clear-day,
"Snoqualmie Pass, WA, United States",2024-06-11T14:00:00,17.5,17.5,7.7,52.58,0,9,,0,0,27,10.4,290,1017,17,24.1,882,3.2,9,10,Clear,clear-day,
"Snoqualmie Pass, WA, United States",2024-06-11T15:00:00,17.3,17.3,7.8,53.61,0,9,,0,0,27.7,10.4,290,1017,17.7,24.1,871,3.1,9,10,Clear,clear-day,
"Snoqualmie Pass, WA, United States",2024-06-11T16:00:00,17.1,17.1,8,55.04,0,9,,0,0,28.4,10.1,290,1017,18.3,24.1,859,3.1,9,10,Clear,clear-day,
"Snoqualmie Pass, WA, United States",2024-06-11T17:00:00,16.9,16.9,8.1,56.12,0,9,,0,0,29.2,10.1,290,1017,19,24.1,848,3.1,8,10,Clear,clear-day,
"Snoqualmie Pass, WA, United States",2024-06-11T18:00:00,15.7,15.7,8.1,60.58,0,11,,0,0,28.4,8.6,290,1017,18.3,24.1,686,2.5,7,10,Clear,clear-day,
"Snoqualmie Pass, WA, United States",2024-06-11T19:00:00,14.4,14.4,8,65.42,0,11,,0,0,27.4,7.2,290,1018,17.7,24.1,525,1.9,5,10,Clear,clear-day,
"Snoqualmie Pass, WA, United States",2024-06-11T20:00:00,13.2,13.2,8,70.72,0,11,,0,0,26.6,5.8,290,1018,17,24.1,363,1.3,4,10,Clear,clear-day,
"Snoqualmie Pass, WA, United States",2024-06-11T21:00:00,12.1,12.1,7.9,75.49,0,11,,0,0,24.1,4.7,286.7,1019,17.7,24.1,305,1.1,3,10,Clear,clear-day,
"Snoqualmie Pass, WA, United States",2024-06-11T22:00:00,11,11,7.7,80.09,0,11,,0,0,21.6,4,283.3,1020,18.3,24.1,246,0.9,0,10,Clear,clear-night,
"Snoqualmie Pass, WA, United States",2024-06-11T23:00:00,9.9,9.9,7.6,85.6,0.6,11,rain,0,0,19.1,2.9,280,1021,19,24.1,188,0.7,0,10,Clear,clear-night,
"Snoqualmie Pass, WA, United States",2024-06-12T00:00:00,9.4,9.4,7.1,85.55,0,11,,0,0,18.4,2.5,280,1021,21.3,24.1,125,0.5,0,10,Partially cloudy,partly-cloudy-night,
"Snoqualmie Pass, WA, United States",2024-06-12T01:00:00,9,9,6.7,85.51,0,11,,0,0,17.6,1.8,280,1022,23.7,24.1,63,0.2,0,10,Partially cloudy,partly-cloudy-night,
"Snoqualmie Pass, WA, United States",2024-06-12T02:00:00,8.5,8.5,6.2,85.45,0,11,,0,0,16.9,1.4,280,1022,26,24.1,0,0,0,10,Partially cloudy,partly-cloudy-night,
"Snoqualmie Pass, WA, United States",2024-06-12T03:00:00,8.2,8.2,5.8,84.83,0,11,,0,0,16.9,1.4,283.3,1022,27,24.1,0,0,0,10,Partially cloudy,partly-cloudy-night,
"Snoqualmie Pass, WA, United States",2024-06-12T04:00:00,7.8,7.8,5.5,85.38,0,11,,0,0,16.6,1.4,286.7,1022,28,24.1,0,0,0,10,Partially cloudy,partly-cloudy-night,
"Snoqualmie Pass, WA, United States",2024-06-12T05:00:00,7.5,7.5,5.1,84.75,0,11,,0,0,16.6,1.4,290,1022,29,24.1,0,0,0,10,Partially cloudy,partly-cloudy-night,
"Snoqualmie Pass, WA, United States",2024-06-12T06:00:00,8.2,8.2,5.1,80.81,0,10,,0,0,17.6,1.8,290,1022,24,24.1,57,0.2,1,10,Partially cloudy,partly-cloudy-day,
"Snoqualmie Pass, WA, United States",2024-06-12T07:00:00,8.8,8.8,5.2,78.13,0,10,,0,0,18.4,2.5,290,1021,19,24.1,113,0.4,1,10,Clear,clear-day,
"Snoqualmie Pass, WA, United States",2024-06-12T08:00:00,9.5,9.5,5.2,74.53,0,10,,0,0,19.4,2.9,290,1021,14,24.1,170,0.6,2,10,Clear,clear-day,
"Snoqualmie Pass, WA, United States",2024-06-12T09:00:00,10.9,10.9,5.4,68.83,0,10,,0,0,20.9,4.7,290,1021,12.7,24.1,253,0.9,3,10,Clear,clear-day,
"Snoqualmie Pass, WA, United States",2024-06-12T10:00:00,12.3,12.3,5.7,64.06,0,10,,0,0,22.7,6.1,290,1020,11.3,24.1,337,1.2,3,10,Clear,clear-day,
"Snoqualmie Pass, WA, United States",2024-06-12T11:00:00,13.7,13.7,5.9,59.28,0,10,,0,0,24.1,7.9,290,1020,10,24.1,420,1.5,4,10,Clear,clear-day,
"Snoqualmie Pass, WA, United States",2024-06-12T12:00:00,14.4,14.4,6.1,57.43,0,7,,0,0,25.9,9,290,1020,14.3,24.1,598,2.2,6,10,Clear,clear-day,
"Snoqualmie Pass, WA, United States",2024-06-12T13:00:00,15.1,15.1,6.2,55.28,0,7,,0,0,27.7,9.7,290,1020,18.7,24.1,776,2.8,8,10,Clear,clear-day,
"Snoqualmie Pass, WA, United States",2024-06-12T14:00:00,15.8,15.8,6.4,53.59,0,7,,0,0,29.5,10.8,290,1020,23,24.1,954,3.4,10,10,Partially cloudy,partly-cloudy-day,
"Snoqualmie Pass, WA, United States",2024-06-12T15:00:00,15.5,15.5,6.5,55,0,7,,0,0,30.2,10.4,290,1020,23,24.1,932,3.4,9,10,Partially cloudy,partly-cloudy-day,
"Snoqualmie Pass, WA, United States",2024-06-12T16:00:00,15.3,15.3,6.5,55.71,0,7,,0,0,30.6,10.4,290,1019,23,24.1,909,3.3,9,10,Partially cloudy,partly-cloudy-day,
"Snoqualmie Pass, WA, United States",2024-06-12T17:00:00,15,15,6.6,57.19,0,7,,0,0,31.3,10.1,290,1019,23,24.1,887,3.2,9,10,Partially cloudy,partly-cloudy-day,
"Snoqualmie Pass, WA, United States",2024-06-12T18:00:00,13.9,13.9,6.4,60.56,0,7,,0,0,30.2,9,290,1019,23.3,24.1,713,2.6,7,10,Partially cloudy,partly-cloudy-day,
"Snoqualmie Pass, WA, United States",2024-06-12T19:00:00,12.8,12.8,6.2,64.18,0,7,,0,0,29.2,8.3,290,1020,23.7,24.1,538,1.9,5,10,Partially cloudy,partly-cloudy-day,
"Snoqualmie Pass, WA, United States",2024-06-12T20:00:00,11.7,11.7,6,68.04,0,7,,0,0,28.1,7.2,290,1020,24,24.1,364,1.3,4,10,Partially cloudy,partly-cloudy-day,
"Snoqualmie Pass, WA, United States",2024-06-12T21:00:00,10.6,10.6,5.7,71.69,0,7,,0,0,25.2,5.8,290,1021,22.3,24.1,305,1.1,3,10,Partially cloudy,partly-cloudy-day,
"Snoqualmie Pass, WA, United States",2024-06-12T22:00:00,9.5,9.5,5.4,75.58,0,7,,0,0,22.7,4.3,290,1021,20.7,24.1,247,0.9,0,10,Partially cloudy,partly-cloudy-night,
"Snoqualmie Pass, WA, United States",2024-06-12T23:00:00,8.4,8.4,5.1,79.72,0,7,,0,0,19.8,2.9,290,1022,19,24.1,188,0.7,0,10,Clear,clear-night,
"Snoqualmie Pass, WA, United States",2024-06-13T00:00:00,7.9,7.9,4.8,80.77,0,9,,0,0,18.7,2.5,290,1022,18.7,24.1,125,0.5,0,10,Clear,clear-night,
"Snoqualmie Pass, WA, United States",2024-06-13T01:00:00,7.5,7.5,4.5,81.28,0,9,,0,0,18,1.8,290,1022,18.3,24.1,63,0.2,0,10,Clear,clear-night,
"Snoqualmie Pass, WA, United States",2024-06-13T02:00:00,7,7,4.2,82.36,0,9,,0,0,16.9,1.4,290,1022,18,24.1,0,0,0,10,Clear,clear-night,
"Snoqualmie Pass, WA, United States",2024-06-13T03:00:00,6.7,6.7,3.9,82.32,0,9,,0,0,16.9,1.4,290,1022,21,24.1,0,0,0,10,Partially cloudy,partly-cloudy-night,
"Snoqualmie Pass, WA, United States",2024-06-13T04:00:00,6.3,6.3,3.6,82.85,0,9,,0,0,16.6,1.4,290,1022,24,24.1,0,0,0,10,Partially cloudy,partly-cloudy-night,
"Snoqualmie Pass, WA, United States",2024-06-13T05:00:00,6,6,3.3,82.81,0,9,,0,0,16.6,1.4,290,1022,27,24.1,0,0,0,10,Partially cloudy,partly-cloudy-night,
"Snoqualmie Pass, WA, United States",2024-06-13T06:00:00,6.5,5.6,-3.7,48.1,0,16.1,,0,0,4.3,5.4,149.2,1021,52.6,24.1,57,0.2,1,10,Partially cloudy,partly-cloudy-day,
"Snoqualmie Pass, WA, United States",2024-06-13T07:00:00,8.9,8.5,-2.5,44.66,0,16.1,,0,0,4,5,215.7,1020,42.4,24.1,115,0.4,1,10,Partially cloudy,partly-cloudy-day,
"Snoqualmie Pass, WA, United States",2024-06-13T08:00:00,11.4,11.4,-1.2,41.58,0,16.1,,0,0,3.6,4.7,282.2,1019,32.3,24.1,172,0.6,2,10,Partially cloudy,partly-cloudy-day,
"Snoqualmie Pass, WA, United States",2024-06-13T09:00:00,12.7,12.7,-0.7,39.59,0,16.1,,0,0,4.3,6.5,279,1019,24.2,24.1,338,1.2,3,10,Partially cloudy,partly-cloudy-day,
"Snoqualmie Pass, WA, United States",2024-06-13T10:00:00,14.1,14.1,-0.1,37.75,0,16.1,,0,0,5,8.3,275.8,1019,16,24.1,504,1.8,5,10,Clear,clear-day,
"Snoqualmie Pass, WA, United States",2024-06-13T11:00:00,15.4,15.4,0.4,36,0,16.1,,0,0,5.8,10.1,272.6,1019,7.9,24.1,670,2.4,7,10,Clear,clear-day,
"Snoqualmie Pass, WA, United States",2024-06-13T12:00:00,16,16,0.6,35.15,0,19.4,,0,0,6.8,10.4,274.3,1019,23.4,24.1,763,2.7,8,10,Partially cloudy,partly-cloudy-day,
"Snoqualmie Pass, WA, United States",2024-06-13T13:00:00,16.6,16.6,0.9,34.57,0,19.4,,0,0,7.9,10.8,275.9,1018,39,24.1,855,3.1,9,10,Partially cloudy,partly-cloudy-day,
"Snoqualmie Pass, WA, United States",2024-06-13T14:00:00,17.2,17.2,1.1,33.76,0,19.4,,0,0,9,11.2,277.6,1018,54.5,24.1,948,3.4,9,10,Partially cloudy,partly-cloudy-day,
"Snoqualmie Pass, WA, United States",2024-06-13T15:00:00,17,17,1.3,34.68,0,19.4,,0,0,9,10.8,278.1,1018,69.4,24.1,896,3.2,9,10,Partially cloudy,partly-cloudy-day,
"Snoqualmie Pass, WA, United States",2024-06-13T16:00:00,16.7,16.7,1.5,35.86,0,19.4,,0,0,8.6,10.1,278.5,1017,84.2,24.1,845,3,8,10,Partially cloudy,partly-cloudy-day,
"Snoqualmie Pass, WA, United States",2024-06-13T17:00:00,16.5,16.5,1.7,36.84,0,19.4,,0,0,8.6,9.7,279,1017,99.1,24.1,793,2.9,8,10,Overcast,cloudy,
"Snoqualmie Pass, WA, United States",2024-06-13T18:00:00,14.6,14.6,2.5,44.06,0,19.4,,0,0,7.6,8.3,280.5,1017,99.4,24.1,623,2.2,6,10,Overcast,cloudy,
"Snoqualmie Pass, WA, United States",2024-06-13T19:00:00,12.6,12.6,3.3,53.11,0,19.4,,0,0,6.1,6.8,281.9,1018,99.7,24.1,454,1.6,5,10,Overcast,cloudy,
"Snoqualmie Pass, WA, United States",2024-06-13T20:00:00,10.7,10.7,4.1,63.7,0,19.4,,0,0,5,5.4,283.4,1018,100,24.1,284,1,3,10,Overcast,cloudy,
"Snoqualmie Pass, WA, United States",2024-06-13T21:00:00,9.5,9.5,3.5,66.17,0,19.4,,0,0,4.3,4.7,192.6,1018,100,24.1,189,0.7,2,10,Overcast,cloudy,
"Snoqualmie Pass, WA, United States",2024-06-13T22:00:00,8.2,8.2,3,69.73,0,19.4,,0,0,3.2,3.6,101.9,1018,100,24.1,95,0.3,0,10,Overcast,cloudy,
"Snoqualmie Pass, WA, United States",2024-06-13T23:00:00,7,7,2.4,72.53,0.2,19.4,rain,0,0,2.5,2.9,11.1,1018,100,24.1,0,0,0,10,Overcast,cloudy,
"Snoqualmie Pass, WA, United States",2024-06-14T00:00:00,6.8,6.8,2,71.46,0,22.6,,0,0,2.9,2.9,126.3,1018,100,24.1,0,0,0,10,Overcast,cloudy,
"Snoqualmie Pass, WA, United States",2024-06-14T01:00:00,6.6,6.6,1.5,69.91,0,22.6,,0,0,2.9,3.2,241.6,1017,100,24.1,0,0,0,10,Overcast,cloudy,
"Snoqualmie Pass, WA, United States",2024-06-14T02:00:00,6.4,6.4,1.1,68.87,0,22.6,,0,0,3.2,3.2,356.8,1017,100,24.1,0,0,0,10,Overcast,cloudy,
"Snoqualmie Pass, WA, United States",2024-06-14T03:00:00,5.5,5.5,0.4,69.68,0,22.6,,0,0,2.9,2.9,244.4,1017,95.4,24.1,0,0,0,10,Overcast,cloudy,
"Snoqualmie Pass, WA, United States",2024-06-14T04:00:00,4.7,4.7,-0.3,70.03,0,22.6,,0,0,2.5,2.2,132.1,1018,90.9,24.1,0,0,0,10,Overcast,cloudy,
"Snoqualmie Pass, WA, United States",2024-06-14T05:00:00,3.8,3.8,-1,70.87,0,22.6,,0,0,2.2,1.8,19.7,1018,86.3,24.1,0,0,0,10,Partially cloudy,partly-cloudy-night,
"Snoqualmie Pass, WA, United States",2024-06-14T06:00:00,5.6,5.6,-0.9,62.96,0,32.3,,0,0,3.6,2.9,109.8,1017,90.9,24.1,46,0.2,0,10,Overcast,cloudy,
"Snoqualmie Pass, WA, United States",2024-06-14T07:00:00,7.3,7.3,-0.9,56.01,0,32.3,,0,0,5,4.3,199.8,1017,95.4,24.1,91,0.3,1,10,Overcast,cloudy,
"Snoqualmie Pass, WA, United States",2024-06-14T08:00:00,9.1,8.6,-0.8,49.93,0,32.3,,0,0,6.5,5.4,289.9,1016,100,24.1,137,0.5,1,10,Overcast,cloudy,
"Snoqualmie Pass, WA, United States",2024-06-14T09:00:00,10.4,10.4,0,48.5,0,32.3,,0,0,7.6,7.2,285.1,1015,99.8,24.1,298,1.1,3,10,Overcast,cloudy,
"Snoqualmie Pass, WA, United States",2024-06-14T10:00:00,11.8,11.8,0.9,47.17,0,32.3,,0,0,8.3,8.6,280.4,1015,99.7,24.1,460,1.7,5,10,Overcast,cloudy,
"Snoqualmie Pass, WA, United States",2024-06-14T11:00:00,13.1,13.1,1.7,45.87,0,32.3,,0,0,9.4,10.4,275.6,1014,99.5,24.1,621,2.2,6,10,Overcast,cloudy,
"Snoqualmie Pass, WA, United States",2024-06-14T12:00:00,14,14,2,44.2,0,29,,0,0,10.1,10.8,277.2,1014,67.9,24.1,719,2.6,7,10,Partially cloudy,partly-cloudy-day,
"Snoqualmie Pass, WA, United States",2024-06-14T13:00:00,14.8,14.8,2.3,42.88,0,29,,0,0,10.8,11.2,278.8,1013,36.2,24.1,816,2.9,8,10,Partially cloudy,partly-cloudy-day,
"Snoqualmie Pass, WA, United States",2024-06-14T14:00:00,15.7,15.7,2.6,41.34,0,29,,0,0,11.5,11.5,280.4,1013,4.6,24.1,914,3.3,9,10,Clear,clear-day,
"Snoqualmie Pass, WA, United States",2024-06-14T15:00:00,15.6,15.6,2.6,41.61,0,29,,0,0,12.2,11.2,281.7,1013,36.2,24.1,883,3.2,9,10,Partially cloudy,partly-cloudy-day,
"Snoqualmie Pass, WA, United States",2024-06-14T16:00:00,15.4,15.4,2.6,42.15,0,29,,0,0,12.6,10.8,283.1,1013,67.8,24.1,853,3.1,9,10,Partially cloudy,partly-cloudy-day,
"Snoqualmie Pass, WA, United States",2024-06-14T17:00:00,15.3,15.3,2.6,42.42,0,29,,0,0,13.3,10.4,284.4,1013,99.4,24.1,822,3,8,10,Overcast,cloudy,
"Snoqualmie Pass, WA, United States",2024-06-14T18:00:00,14,14,3.2,48.13,0,22.6,,0,0,13.7,10.4,274.6,1013,97.8,24.1,653,2.4,7,10,Overcast,cloudy,
"Snoqualmie Pass, WA, United States",2024-06-14T19:00:00,12.6,12.6,3.8,55.01,0,22.6,,0,0,14,10.1,264.7,1014,96.1,24.1,485,1.7,5,10,Overcast,cloudy,
"Snoqualmie Pass, WA, United States",2024-06-14T20:00:00,11.3,11.3,4.4,62.51,0,22.6,,0,0,14.4,10.1,254.9,1014,94.5,24.1,316,1.1,3,10,Overcast,cloudy,
"Snoqualmie Pass, WA, United States",2024-06-14T21:00:00,8.7,7.4,3.6,70.33,0,22.6,,0,0,11.2,8.3,269.3,1015,64.3,24.1,211,0.8,2,10,Partially cloudy,partly-cloudy-day,
"Snoqualmie Pass, WA, United States",2024-06-14T22:00:00,6.1,4.7,2.8,79.38,0,22.6,,0,0,7.9,6.8,283.7,1017,34.2,24.1,105,0.4,0,10,Partially cloudy,partly-cloudy-night,
"Snoqualmie Pass, WA, United States",2024-06-14T23:00:00,3.5,2.3,2,89.91,5.3,22.6,rain,0,0,4.7,5,298.1,1018,4,24.1,0,0,0,10,Clear,clear-night,
"Snoqualmie Pass, WA, United States",2024-06-15T00:00:00,2.7,2.7,1.7,93.12,0,22.6,,0,0,4,4.3,303.5,1018,36,24.1,0,0,0,10,Partially cloudy,partly-cloudy-night,
"Snoqualmie Pass, WA, United States",2024-06-15T01:00:00,2,2,1.3,95.11,0,22.6,,0,0,2.9,3.2,308.9,1019,68,24.1,0,0,0,10,Partially cloudy,partly-cloudy-night,
"Snoqualmie Pass, WA, United States",2024-06-15T02:00:00,1.2,1.2,1,98.57,0,22.6,,0,0,2.2,2.5,314.3,1019,100,24.1,0,0,0,10,Overcast,cloudy,
"Snoqualmie Pass, WA, United States",2024-06-15T03:00:00,1.2,1.2,1,98.57,0,22.6,,0,0,2.5,2.5,303.4,1019,100,22.6,0,0,0,10,Overcast,cloudy,
"Snoqualmie Pass, WA, United States",2024-06-15T04:00:00,1.3,1.3,1,97.87,0,22.6,,0,0,2.5,2.5,292.4,1019,100,21.2,0,0,0,10,Overcast,cloudy,
"Snoqualmie Pass, WA, United States",2024-06-15T05:00:00,1.3,1.3,1,97.87,0,22.6,,0,0,2.9,2.5,281.5,1019,100,19.7,0,0,0,10,Overcast,cloudy,
"Snoqualmie Pass, WA, United States",2024-06-15T06:00:00,2.6,2.6,0.7,87.28,0,22.6,,0,0,4.7,4,279.1,1019,97.5,21.2,49,0.2,0,10,Overcast,cloudy,
"Snoqualmie Pass, WA, United States",2024-06-15T07:00:00,3.8,2.5,0.3,77.9,0,22.6,,0,0,6.1,5.4,276.7,1018,95.1,22.6,98,0.4,1,10,Overcast,cloudy,
"Snoqualmie Pass, WA, United States",2024-06-15T08:00:00,5.1,3.5,0,69.6,0,22.6,,0,0,7.9,6.8,274.3,1018,92.6,24.1,147,0.5,1,10,Overcast,cloudy,
"Snoqualmie Pass, WA, United States",2024-06-15T09:00:00,6.5,4.9,-0.2,62.26,0,22.6,,0,0,9,7.9,274.4,1017,66.1,24.1,309,1.1,3,10,Partially cloudy,partly-cloudy-day,
"Snoqualmie Pass, WA, United States",2024-06-15T10:00:00,8,6.3,-0.4,55.38,0,22.6,,0,0,10.1,9.4,274.6,1017,39.7,24.1,470,1.7,5,10,Partially cloudy,partly-cloudy-day,
"Snoqualmie Pass, WA, United States",2024-06-15T11:00:00,9.4,7.8,-0.6,49.65,0,22.6,,0,0,11.2,10.4,274.7,1016,13.2,24.1,632,2.3,6,10,Clear,clear-day,
"Snoqualmie Pass, WA, United States",2024-06-15T12:00:00,10.1,10.1,-0.4,48.07,0,25.8,,0,0,11.9,10.8,274.1,1016,10.7,24.1,728,2.6,7,10,Clear,clear-day,
"Snoqualmie Pass, WA, United States",2024-06-15T13:00:00,10.8,10.8,-0.3,46.21,0,25.8,,0,0,12.2,10.8,273.6,1015,8.1,24.1,824,3,8,10,Clear,clear-day,
"Snoqualmie Pass, WA, United States",2024-06-15T14:00:00,11.5,11.5,-0.1,44.76,0,25.8,,0,0,13,11.2,273,1015,5.6,24.1,920,3.3,9,10,Clear,clear-day,
"Snoqualmie Pass, WA, United States",2024-06-15T15:00:00,11.4,11.4,0.3,46.38,0,25.8,,0,0,13,11.2,275.3,1015,35.8,24.1,870,3.1,9,10,Partially cloudy,partly-cloudy-day,
"Snoqualmie Pass, WA, United States",2024-06-15T16:00:00,11.4,11.4,0.8,48.09,0,25.8,,0,0,12.6,11.5,277.5,1014,66,24.1,820,3,8,10,Partially cloudy,partly-cloudy-day,
"Snoqualmie Pass, WA, United States",2024-06-15T17:00:00,11.3,11.3,1.2,49.82,0.6,25.8,rain,0,0,12.6,11.5,279.8,1014,96.2,24.1,770,2.8,8,10,Overcast,cloudy,
"Snoqualmie Pass, WA, United States",2024-06-15T18:00:00,10.2,10.2,1.7,55.56,0,16.1,,0,0,11.2,9.7,275.8,1014,93.6,24.1,581,2.1,6,10,Overcast,cloudy,
"Snoqualmie Pass, WA, United States",2024-06-15T19:00:00,9.1,8,2.2,61.99,0,16.1,,0,0,9.4,7.6,271.7,1014,90.9,24.1,391,1.4,4,10,Overcast,cloudy,
"Snoqualmie Pass, WA, United States",2024-06-15T20:00:00,8,7.2,2.7,69.2,0,16.1,,0,0,7.9,5.8,267.7,1014,88.3,24.1,202,0.7,2,10,Partially cloudy,partly-cloudy-day,
"Snoqualmie Pass, WA, United States",2024-06-15T21:00:00,7.3,6.5,3.1,74.67,0,16.1,,0,0,7.2,5.4,270.8,1014,92.2,24.1,135,0.5,1,10,Overcast,cloudy,
"Snoqualmie Pass, WA, United States",2024-06-15T22:00:00,6.5,5.7,3.4,80.57,0,16.1,,0,0,6.1,5,273.9,1014,96.1,24.1,67,0.2,0,10,Overcast,cloudy,
"Snoqualmie Pass, WA, United States",2024-06-15T23:00:00,5.8,5.8,3.8,86.98,0,16.1,,0,0,5.4,4.7,277,1014,100,24.1,0,0,0,10,Overcast,cloudy,
"Snoqualmie Pass, WA, United States",2024-06-16T00:00:00,4.9,4.9,3.5,90.65,0,19.4,,0,0,4.3,4,275.6,1014,100,24.1,0,0,0,10,Overcast,cloudy,
"Snoqualmie Pass, WA, United States",2024-06-16T01:00:00,4.1,4.1,3.1,93.2,0,19.4,,0,0,3.2,3.2,274.3,1014,100,24.1,0,0,0,10,Overcast,cloudy,
"Snoqualmie Pass, WA, United States",2024-06-16T02:00:00,3.2,3.2,2.8,97.21,0,19.4,,0,0,2.2,2.5,272.9,1014,100,24.1,0,0,0,10,Overcast,cloudy,
"Snoqualmie Pass, WA, United States",2024-06-16T03:00:00,3.4,3.4,3,97.21,0,19.4,,0,0,4.3,3.2,273.1,1014,100,22.6,0,0,0,10,Overcast,cloudy,
"Snoqualmie Pass, WA, United States",2024-06-16T04:00:00,3.6,3.6,3.2,97.22,0,19.4,,0,0,6.1,4.3,273.2,1013,100,21.1,0,0,0,10,Overcast,cloudy,
"Snoqualmie Pass, WA, United States",2024-06-16T05:00:00,3.8,2.7,3.4,97.22,0.1,19.4,rain,0,0,8.3,5,273.4,1013,100,19.6,0,0,0,10,Overcast,cloudy,
"Snoqualmie Pass, WA, United States",2024-06-16T06:00:00,3.7,2.4,3.4,97.91,0,25.8,,0,0,8.3,5.4,268,1013,100,13.2,4,0,0,10,Overcast,cloudy,
"Snoqualmie Pass, WA, United States",2024-06-16T07:00:00,3.7,2.4,3.4,97.91,0,25.8,,0,0,8.6,5.4,262.5,1013,100,6.8,9,0,0,10,Overcast,cloudy,
"Snoqualmie Pass, WA, United States",2024-06-16T08:00:00,3.6,2.2,3.4,98.6,0,25.8,,0,0,8.6,5.8,257.1,1013,100,0.4,13,0,0,10,Overcast,fog,
"Snoqualmie Pass, WA, United States",2024-06-16T09:00:00,3.8,2.7,3.5,97.91,0,25.8,,0,0,7.2,5,248.4,1013,100,0.3,35,0.1,0,10,Overcast,fog,
"Snoqualmie Pass, WA, United States",2024-06-16T10:00:00,3.9,3.9,3.7,98.6,0,25.8,,0,0,6.1,4.3,239.6,1013,100,0.2,58,0.2,1,10,Overcast,fog,
"Snoqualmie Pass, WA, United States",2024-06-16T11:00:00,4.1,4.1,3.8,97.91,0.3,25.8,rain,0,0,4.7,3.6,230.9,1013,100,0.1,80,0.3,1,10,Overcast,fog,
"Snoqualmie Pass, WA, United States",2024-06-16T12:00:00,5.1,4.1,4,92.6,0,32.3,,0,0,7.9,5,243.2,1013,100,0.7,224,0.8,2,10,Overcast,fog,
"Snoqualmie Pass, WA, United States",2024-06-16T13:00:00,6.1,4.9,4.1,87.01,0,32.3,,0,0,11.2,6.1,255.4,1013,99.9,1.3,368,1.3,4,10,Overcast,cloudy,
"Snoqualmie Pass, WA, United States",2024-06-16T14:00:00,7.1,5.7,4.3,82.37,0,32.3,,0,0,14.4,7.6,267.7,1013,99.9,1.9,512,1.8,5,10,Overcast,cloudy,
"Snoqualmie Pass, WA, United States",2024-06-16T15:00:00,6.7,5.2,4.2,84.07,0,32.3,,0,0,14,7.6,266.7,1013,99.4,4.4,443,1.6,4,10,Overcast,cloudy,
"Snoqualmie Pass, WA, United States",2024-06-16T16:00:00,6.2,4.6,4.2,87.02,0,32.3,,0,0,13.7,7.6,265.8,1013,98.8,6.9,373,1.3,4,10,Overcast,cloudy,
"Snoqualmie Pass, WA, United States",2024-06-16T17:00:00,5.8,4.1,4.1,88.83,0.9,32.3,rain,0,0,13.3,7.6,264.8,1013,98.3,9.4,304,1.1,3,10,Overcast,cloudy,
"Snoqualmie Pass, WA, United States",2024-06-16T18:00:00,5.2,3.8,3.9,91.31,0,35.5,,0,0,11.2,6.5,261.3,1013,98.9,11.6,299,1.1,3,10,Overcast,cloudy,
"Snoqualmie Pass, WA, United States",2024-06-16T19:00:00,4.5,3.2,3.6,93.88,0,35.5,,0,0,8.6,5.8,257.9,1014,99.4,13.7,293,1.1,3,10,Overcast,cloudy,
"Snoqualmie Pass, WA, United States",2024-06-16T20:00:00,3.9,3.9,3.4,96.54,0,35.5,,0,0,6.5,4.7,254.4,1014,100,15.9,288,1,3,10,Overcast,cloudy,
"Snoqualmie Pass, WA, United States",2024-06-16T21:00:00,2.7,2.7,2.2,96.51,0,35.5,,0,0,4.7,3.6,197,1014,68.3,18.6,192,0.7,2,10,Partially cloudy,partly-cloudy-day,
"Snoqualmie Pass, WA, United States",2024-06-16T22:00:00,1.4,1.4,1,97.17,0,35.5,,0,0,3.2,2.9,139.7,1015,36.7,21.4,96,0.3,0,10,Partially cloudy,partly-cloudy-night,
"Snoqualmie Pass, WA, United States",2024-06-16T23:00:00,0.2,0.2,-0.2,97.14,0,35.5,,0,0,1.4,1.8,82.3,1015,5,24.1,0,0,0,10,Clear,clear-night,
"Snoqualmie Pass, WA, United States",2024-06-17T00:00:00,0.1,0.1,-0.4,96.43,0,41.9,,0,0,1.8,2.2,71,1015,35.9,24.1,0,0,0,10,Partially cloudy,partly-cloudy-night,
"Snoqualmie Pass, WA, United States",2024-06-17T01:00:00,-0.1,-0.1,-0.5,97.13,0,41.9,,0,0,2.2,2.9,59.6,1014,66.7,24.1,0,0,0,10,Partially cloudy,partly-cloudy-night,
"Snoqualmie Pass, WA, United States",2024-06-17T02:00:00,-0.2,-0.2,-0.7,96.42,0,41.9,,0,0,2.5,3.2,48.3,1014,97.6,24.1,0,0,0,10,Overcast,cloudy,
"Snoqualmie Pass, WA, United States",2024-06-17T03:00:00,0.4,0.4,0,97.14,0,41.9,,0,0,3.6,2.9,135.6,1014,98.4,16.1,0,0,0,10,Overcast,cloudy,
"Snoqualmie Pass, WA, United States",2024-06-17T04:00:00,1,1,0.8,98.57,0,41.9,,0,0,4.3,2.9,222.9,1014,99.2,8.1,0,0,0,10,Overcast,cloudy,
"Snoqualmie Pass, WA, United States",2024-06-17T05:00:00,1.6,1.6,1.5,99.29,0,41.9,,0,0,5.4,2.5,310.2,1014,100,0.1,0,0,0,10,Overcast,fog,
"Snoqualmie Pass, WA, United States",2024-06-17T06:00:00,1.6,1.6,1.5,99.29,0,41.9,,0,0.2,5.4,3.2,298.9,1014,100,0.1,4,0,0,10,Overcast,fog,
"Snoqualmie Pass, WA, United States",2024-06-17T07:00:00,1.7,1.7,1.6,99.29,0,41.9,,0,0.3,5.4,4,287.7,1014,100,0,9,0,0,10,Overcast,cloudy,
"Snoqualmie Pass, WA, United States",2024-06-17T08:00:00,1.7,1.7,1.6,99.29,0,41.9,,0,0.5,5.4,4.7,276.4,1014,100,0,13,0,0,10,Overcast,cloudy,
"Snoqualmie Pass, WA, United States",2024-06-17T09:00:00,2.2,2.2,2,98.58,0,41.9,,0,0.6,5,4.3,279.4,1014,97,0,34,0.1,0,10,Overcast,cloudy,
"Snoqualmie Pass, WA, United States",2024-06-17T10:00:00,2.6,2.6,2.3,97.89,0,41.9,,0,0.6,5,4.3,282.5,1013,93.9,0,56,0.2,1,10,Overcast,cloudy,
"Snoqualmie Pass, WA, United States",2024-06-17T11:00:00,3.1,3.1,2.7,97.21,0.1,41.9,rain,0,0.7,4.7,4,285.5,1013,90.9,0,77,0.3,1,10,Overcast,cloudy,
"Snoqualmie Pass, WA, United States",2024-06-17T12:00:00,3.8,2.7,2.9,93.84,0,48.4,rain,0,0.7,6.1,5,281,1013,84.1,4.1,226,0.8,2,10,"Rain, Partially cloudy",rain,
"Snoqualmie Pass, WA, United States",2024-06-17T13:00:00,4.5,3.1,3.2,91.27,0,48.4,rain,0,0.6,7.2,6.1,276.4,1012,77.3,8.1,374,1.3,4,10,"Rain, Partially cloudy",rain,
"Snoqualmie Pass, WA, United States",2024-06-17T14:00:00,5.2,3.5,3.4,88.15,0,48.4,rain,0,0.6,8.6,7.2,271.9,1012,70.5,12.2,523,1.9,5,10,"Rain, Partially cloudy",rain,
"Snoqualmie Pass, WA, United States",2024-06-17T15:00:00,5.5,3.9,3.8,88.8,0,48.4,rain,0,0.5,9.7,7.2,277.5,1012,75.6,11.5,524,1.9,5,10,"Rain, Partially cloudy",rain,
"Snoqualmie Pass, WA, United States",2024-06-17T16:00:00,5.9,4.3,4.1,88.22,0,48.4,rain,0,0.5,10.4,7.6,283,1011,80.6,10.8,524,1.9,5,10,"Rain, Partially cloudy",rain,
"Snoqualmie Pass, WA, United States",2024-06-17T17:00:00,6.2,4.6,4.5,88.86,0,48.4,rain,0,0.4,11.5,7.6,288.6,1011,85.7,10.1,525,1.9,5,10,"Rain, Partially cloudy",rain,
"Snoqualmie Pass, WA, United States",2024-06-17T18:00:00,5.1,4,3.9,91.95,0,54.8,rain,0,0.5,9.7,5.4,274.9,1012,90.5,6.8,390,1.4,4,10,"Rain, Overcast",rain,
"Snoqualmie Pass, WA, United States",2024-06-17T19:00:00,3.9,3.9,3.3,95.86,0,54.8,rain,0,0.6,7.6,3.6,261.3,1012,95.2,3.4,255,0.9,3,10,"Rain, Overcast",rain,
"Snoqualmie Pass, WA, United States",2024-06-17T20:00:00,2.8,2.8,2.7,99.29,0,54.8,rain,0,0.7,5.8,1.4,247.6,1013,100,0.1,120,0.4,1,10,"Rain, Overcast",rain,
"Snoqualmie Pass, WA, United States",2024-06-17T21:00:00,2.8,2.8,2.7,99.29,0,54.8,rain,0,0.8,6.8,2.2,268.7,1013,100,0.1,80,0.3,1,10,"Rain, Overcast",rain,
"Snoqualmie Pass, WA, United States",2024-06-17T22:00:00,2.8,2.8,2.8,100,0,54.8,rain,0,0.8,7.9,3.2,289.7,1013,100,0.1,40,0.1,0,10,"Rain, Overcast",rain,
"Snoqualmie Pass, WA, United States",2024-06-17T23:00:00,2.8,2.8,2.8,100,0,54.8,rain,0,0.9,9,4,310.8,1013,100,0.1,0,0,0,10,"Rain, Overcast",rain,
"Snoqualmie Pass, WA, United States",2024-06-18T00:00:00,2.9,2.9,2.8,99.29,0,48.4,rain,0,0.9,7.6,3.6,296,1013,100,0.1,0,0,0,10,"Rain, Overcast",rain,
"Snoqualmie Pass, WA, United States",2024-06-18T01:00:00,2.9,2.9,2.9,100,0,48.4,rain,0,0.9,6.5,3.6,281.3,1012,100,0.1,0,0,0,10,"Rain, Overcast",rain,
"Snoqualmie Pass, WA, United States",2024-06-18T02:00:00,3,3,2.9,99.29,0,48.4,rain,0,0.9,5,3.2,266.5,1012,100,0.1,0,0,0,10,"Rain, Overcast",rain,
"Snoqualmie Pass, WA, United States",2024-06-18T03:00:00,2.6,2.6,2.5,99.29,0,48.4,rain,0,1,4,2.9,193.9,1012,100,0.1,0,0,0,10,"Rain, Overcast",rain,
"Snoqualmie Pass, WA, United States",2024-06-18T04:00:00,2.2,2.2,2.1,99.29,0,48.4,rain,0,1,2.9,2.5,121.3,1013,100,0.1,0,0,0,10,"Rain, Overcast",rain,
"Snoqualmie Pass, WA, United States",2024-06-18T05:00:00,1.8,1.8,1.7,99.29,0,48.4,"rain,snow",0,1.1,1.8,2.2,48.7,1013,100,0.1,0,0,0,10,"Snow, Rain, Overcast",rain,
"Snoqualmie Pass, WA, United States",2024-06-18T06:00:00,1.9,1.9,1.8,99.29,0,45.2,"rain,snow",0,1.2,1.8,1.8,73,1013,100,0.1,2,0,0,10,"Snow, Rain, Overcast",rain,
"Snoqualmie Pass, WA, United States",2024-06-18T07:00:00,1.9,1.9,1.8,99.29,0,45.2,"rain,snow",0,1.2,1.8,1.4,97.3,1014,100,0.1,3,0,0,10,"Snow, Rain, Overcast",rain,
"Snoqualmie Pass, WA, United States",2024-06-18T08:00:00,2,2,1.9,99.29,0,45.2,"rain,snow",0,1.3,1.8,1.1,121.6,1014,100,0.1,5,0,0,10,"Snow, Rain, Overcast",rain,
"Snoqualmie Pass, WA, United States",2024-06-18T09:00:00,2.6,2.6,2.5,99.29,0,45.2,rain,0,1.3,2.9,1.4,163.5,1014,100,0.1,16,0.1,0,10,"Rain, Overcast",rain,
"Snoqualmie Pass, WA, United States",2024-06-18T10:00:00,3.1,3.1,3,99.29,0,45.2,rain,0,1.2,4,2.2,205.3,1014,100,0.1,26,0.1,0,10,"Rain, Overcast",rain,
"Snoqualmie Pass, WA, United States",2024-06-18T11:00:00,3.7,3.7,3.6,99.3,0.2,45.2,rain,0,1.2,5,2.5,247.2,1014,100,0.1,37,0.1,0,10,"Rain, Overcast",rain,
"Snoqualmie Pass, WA, United States",2024-06-18T12:00:00,3.8,3.8,3.7,99.3,0,51.6,rain,0,1.2,4.3,2.2,270.3,1014,100,2.5,38,0.1,0,10,"Rain, Overcast",rain,
"Snoqualmie Pass, WA, United States",2024-06-18T13:00:00,3.9,3.9,3.8,99.3,0,51.6,rain,0,1.1,3.6,2.2,293.3,1015,100,4.9,38,0.1,0,10,"Rain, Overcast",rain,
"Snoqualmie Pass, WA, United States",2024-06-18T14:00:00,4,4,3.9,99.3,0,51.6,rain,0,1.1,2.9,1.8,316.4,1015,100,7.3,39,0.1,0,10,"Rain, Overcast",rain,
"Snoqualmie Pass, WA, United States",2024-06-18T15:00:00,4.1,4.1,4,99.3,0,51.6,rain,0,1.1,3.2,1.8,330.8,1015,100,7.2,36,0.1,0,10,"Rain, Overcast",rain,
"Snoqualmie Pass, WA, United States",2024-06-18T16:00:00,4.3,4.3,4.2,99.3,0,51.6,rain,0,1,3.2,1.8,345.1,1015,100,7.1,34,0.1,0,10,"Rain, Overcast",rain,
"Snoqualmie Pass, WA, United States",2024-06-18T17:00:00,4.4,4.4,4.3,99.3,0,51.6,rain,0,1,3.6,1.8,359.5,1015,100,7,31,0.1,0,10,"Rain, Overcast",rain,
"Snoqualmie Pass, WA, United States",2024-06-18T18:00:00,4.4,4.4,4.3,99.3,0,54.8,rain,0,1,3.2,1.8,325.4,1015,100,4.9,24,0.1,0,10,"Rain, Overcast",rain,
"Snoqualmie Pass, WA, United States",2024-06-18T19:00:00,4.4,4.4,4.4,100,0,54.8,rain,0,0.9,2.5,1.4,291.2,1015,100,2.9,18,0.1,0,10,"Rain, Overcast",rain,
"Snoqualmie Pass, WA, United States",2024-06-18T20:00:00,4.4,4.4,4.4,100,0,54.8,rain,0,0.9,2.2,1.4,257.1,1015,100,0.8,11,0,0,10,"Rain, Overcast",rain,
"Snoqualmie Pass, WA, United States",2024-06-18T21:00:00,4.4,4.4,4.4,100,0,54.8,rain,0,0.9,2.2,1.4,268.1,1015,100,0.8,7,0,0,10,"Rain, Overcast",rain,
"Snoqualmie Pass, WA, United States",2024-06-18T22:00:00,4.4,4.4,4.4,100,0,54.8,rain,0,0.9,1.8,1.4,279,1016,100,0.7,4,0,0,10,"Rain, Overcast",rain,
"Snoqualmie Pass, WA, United States",2024-06-18T23:00:00,4.4,4.4,4.4,100,0,54.8,rain,0,0.9,1.8,1.4,290,1016,100,0.7,0,0,0,10,"Rain, Overcast",rain,
"Snoqualmie Pass, WA, United States",2024-06-19T00:00:00,4.4,4.4,4.4,100,0,48.4,rain,0,0.9,2.9,1.8,287,1016,100,0.5,0,0,0,10,"Rain, Overcast",rain,
"Snoqualmie Pass, WA, United States",2024-06-19T01:00:00,4.5,4.5,4.4,99.3,0,48.4,rain,0,0.8,3.6,2.5,283.9,1016,99.9,0.3,0,0,0,10,"Rain, Overcast",rain,
"Snoqualmie Pass, WA, United States",2024-06-19T02:00:00,4.5,4.5,4.4,99.3,0,48.4,rain,0,0.8,4.7,2.9,280.9,1016,99.9,0.1,0,0,0,10,"Rain, Overcast",rain,
"Snoqualmie Pass, WA, United States",2024-06-19T03:00:00,4.5,4.5,4.5,100,0,48.4,rain,0,0.8,4.3,2.5,284,1016,98.1,0.1,0,0,0,10,"Rain, Overcast",rain,
"Snoqualmie Pass, WA, United States",2024-06-19T04:00:00,4.6,4.6,4.5,99.3,0,48.4,rain,0,0.8,4,2.5,287.1,1015,96.4,0.1,0,0,0,10,"Rain, Overcast",rain,
"Snoqualmie Pass, WA, United States",2024-06-19T05:00:00,4.6,4.6,4.6,100,0,48.4,rain,0,0.8,3.6,2.2,290.2,1015,94.6,0.1,0,0,0,10,"Rain, Overcast",rain,
"Snoqualmie Pass, WA, United States",2024-06-19T06:00:00,5.2,5.2,4.9,97.93,0,58.1,rain,0,0.8,2.9,1.4,274,1015,88.8,6.5,23,0.1,0,10,"Rain, Partially cloudy",rain,
"Snoqualmie Pass, WA, United States",2024-06-19T07:00:00,5.7,5.7,5.2,96.59,0,58.1,rain,0,0.7,1.8,1.1,257.7,1015,83,13,47,0.2,0,10,"Rain, Partially cloudy",rain,
"Snoqualmie Pass, WA, United States",2024-06-19T08:00:00,6.3,6.3,5.5,94.62,0,58.1,rain,0,0.7,1.1,0.4,241.5,1015,77.2,19.4,70,0.3,1,10,"Rain, Partially cloudy",rain,
"Snoqualmie Pass, WA, United States",2024-06-19T09:00:00,7.7,7.7,5.2,84.19,0,58.1,rain,0,0.6,1.4,0.4,168.9,1014,84.8,21,194,0.7,2,10,"Rain, Partially cloudy",rain,
"Snoqualmie Pass, WA, United States",2024-06-19T10:00:00,9.2,9.2,5,75,0,58.1,rain,0,0.6,1.8,0.7,96.3,1014,92.4,22.5,319,1.1,3,10,"Rain, Overcast",rain,
"Snoqualmie Pass, WA, United States",2024-06-19T11:00:00,10.6,10.6,4.7,66.87,0,58.1,rain,0,0.5,2.2,0.7,23.7,1013,100,24.1,443,1.6,4,10,"Rain, Overcast",rain,
"Snoqualmie Pass, WA, United States",2024-06-19T12:00:00,12.3,12.3,4.7,59.76,0,58.1,rain,0,0.4,4.3,0.7,107.5,1012,100,24.1,540,1.9,5,10,"Rain, Overcast",rain,
"Snoqualmie Pass, WA, United States",2024-06-19T13:00:00,14.1,14.1,4.8,53.51,0,58.1,rain,0,0.4,6.1,0.4,191.4,1012,100,24.1,637,2.3,6,10,"Rain, Overcast",rain,
"Snoqualmie Pass, WA, United States",2024-06-19T14:00:00,15.8,15.8,4.8,47.96,0,58.1,rain,0,0.3,8.3,0.4,275.2,1011,100,24.1,734,2.6,7,10,"Rain, Overcast",rain,
"Snoqualmie Pass, WA, United States",2024-06-19T15:00:00,15.7,15.7,4.7,47.93,0,58.1,rain,0,0.3,8.3,2.2,284.1,1011,100,24.1,673,2.4,7,10,"Rain, Overcast",rain,
"Snoqualmie Pass, WA, United States",2024-06-19T16:00:00,15.5,15.5,4.7,48.55,0,58.1,rain,0,0.2,8.6,4.3,293.1,1010,100,24.1,612,2.2,6,10,"Rain, Overcast",rain,
"Snoqualmie Pass, WA, United States",2024-06-19T17:00:00,15.4,15.4,4.6,48.52,0,58.1,rain,0,0.2,8.6,6.1,302,1010,100,24.1,551,2,6,10,"Rain, Overcast",rain,
"Snoqualmie Pass, WA, United States",2024-06-19T18:00:00,13.6,13.6,5.3,57.23,0,64.5,rain,0,0.2,6.8,5.4,316.2,1010,100,24.1,415,1.5,4,10,"Rain, Overcast",rain,
"Snoqualmie Pass, WA, United States",2024-06-19T19:00:00,11.8,11.8,6,67.6,0,64.5,rain,0,0.2,5.4,4.3,330.5,1011,100,24.1,280,1,3,10,"Rain, Overcast",rain,
"Snoqualmie Pass, WA, United States",2024-06-19T20:00:00,10,10,6.7,79.95,0,64.5,rain,0,0.2,3.6,3.6,344.7,1011,100,24.1,144,0.5,1,3,"Rain, Overcast",rain,
"Snoqualmie Pass, WA, United States",2024-06-19T21:00:00,9.7,9.4,6.5,80.46,0,64.5,rain,0,0.2,5,5,253.7,1011,100,24.1,96,0.3,1,10,"Rain, Overcast",rain,
"Snoqualmie Pass, WA, United States",2024-06-19T22:00:00,9.4,8.5,6.2,80.42,0,64.5,rain,0,0.2,6.5,6.8,162.6,1011,100,24.1,48,0.2,0,10,"Rain, Overcast",rain,
"Snoqualmie Pass, WA, United States",2024-06-19T23:00:00,9.1,7.8,6,80.93,0.1,64.5,rain,0,0.2,7.9,8.3,71.6,1011,100,24.1,0,0,0,10,"Rain, Overcast",rain,
